model,slope,intercept,r_value,p_value,std_err
simple_linear_trend,0.0009340854812308393,0.24844571795269543,0.11088353808391342,0.5074926227568888,0.001395345922300542
