component,explained_variance_ratio
PC1,0.5263238247802993
PC2,0.18244187430175818
